,Sample,MALLSM w (g mol - 1 ),DOSY MW (g mol - 1 ) (pBA),Error (%),DOSY MW (g mol - 1 ) (pPEGMEA),Error (%),DOSY Mw (g mol - 1 ) (pBA-pPEGMEA),Error (%)
0,pBA60,5400,5410,1,4020,34,4930,19
1,pBA80,7400,7370,1,5930,25,6900,14
2,pBA100,11 800,11 820,1,10 770,10,11 550,7
3,pBA60-pPEGMEA25,13 600,14 190,4,13 560,1,14 100,4
4,pBA60-pPEGMEA50,22 700,22 900,1,24 820,9,23 760,4
5,pBA60-pPEGMEA75,30 900,29 660,4,34 410,10,31 500,9
6,pBA80-pPEGMEA25,14 700,14 310,3,13 700,7,14 230,4
7,pBA80-pPEGMEA50,24 300,21 230,15,22 560,8,21 890,3
8,pBA80-pPEGMEA75,33 400,25 960,29,29 070,15,27 240,7
9,pBA100-pPEGMEA25,15 100,14 070,7,13 410,13,13 960,4
10,pBA100-pPEGMEA50,25 400,22 410,13,24 150,5,23 200,4
11,pBA100-pPEGMEA75,35 500,27 890,27,31 830,12,29 450,8
