,Sample,MALLS. M w (g mol - 1 ),DOSYMW (g mol - 1 ) (pMMA),Error (%),DOSYMW (g mol - 1 ) (pPEGMEA),Error (%),DOSYMW (g mol - 1 ) (pMMA-pPEGMEA),Error (%)
0,pMMA25,2630,2740,4,1540,71,2160,22
1,pMMA45,4910,4970,1,3010,63,3950,24
2,pMMA65,7010,7400,5,4710,49,5910,19
3,pMMA25-pPEGMEA25,10 600,14 690,28,10 200,4,11 810,10
4,pMMA25-pPEGMEA50,23 000,32 600,29,25 100,8,26 430,13
5,pMMA25-pPEGMEA75,45 400,56 160,19,46 340,2,45 780,1
6,pMMA45-pPEGMEA25,18 000,22 580,20,16 580,9,18 230,1
7,pMMA45-pPEGMEA50,34 500,43 860,21,35 070,2,35 670,3
8,pMMA45-pPEGMEA75,68 400,78 110,12,67 250,2,63 900,7
9,pMMA65-pPEGMEA25,31 500,41 540,24,32 980,4,33 760,7
10,pMMA65-pPEGMEA50,91 100,90 450,1,79 350,15,84 100,8
11,pMMA65-pPEGMEA75,135 000,139 730,3,129 610,4,115 000,18
